Year,No,Name,Topic,Summary
112,1,查忻,推展跨域學習成效與未來精進改善方向,<待更新>
112,2,湯蕙瑄,學生資訊科技素養與應用能力影響未來發展（就業）之分析,<待更新>
112,3,蘇南誠,自主學習在學業成績與就業表現之影響因素之策略,<待更新>
112,4,張升懋,問題解決能力培養影響未來發展(就業)之分析,<待更新>
112,5,張升懋,影響就學穩定度之正負因素分析,<待更新>
112,6,陳克瀚,影響本校經濟或文化不利學生國際移動學習相關活動因素分析,<待更新>
112,7,游以安,本校僑港澳招生之優勢/劣勢分析與未來可行策略 <br>本校僑港澳學生在課業學習、人際關係與生活適應初探,<待更新>
112,8,魏嘉宏,本校優勢、特色之研究,<待更新>
112,9,黃怡婷,本校學生參與職涯相關活動與校外實習對就業力影響之研究,<待更新>
111,1,查忻,招生專業化成效及跨域學習成效追蹤,招生專業化成效及跨域學習成效是本校近年來教務工作重點之一。本研究著眼的議題主要有三，第一為碩士班及學士班的招生成效，第二為學分學程優化意見調查及對課務影響分析，第三為學分學程及微學程課程文字雲分析。於第一項議題我們首先看碩士班筆試日期的選擇是否有助於整體碩士班學生素質的提升，接著探討學士班新生的多樣性指標是否隨著招生專業化的執行有所改變。於第二項議題中，透過學分學程優化意見調查，我們找尋學生不修微學程的理由，觀察過去行政措施對學生修習此類課程所帶來的影響，最後以微學程開設課程的缺額數預估學生取得微學程的人數，並探討如何避免學生無法通過取得微學程之畢業門檻的預防性因應之道。最後，我們透過本校與他校學分學程或微學程所開設課程名稱之文字雲分析，比較本校與它校之異同，表現出本校之強項與弱項，以其推出能夠有利於截長補短的修課政策。
111,2,馬國勳,境外生來本校修業期間的學習狀況、生活適應與滿意度分析,本文的主要研究目的，將特別聚焦於就讀於本校非以僑生管道入學的境外生，以線上訪談以及線上問卷的方法，了解他們過去之所以選擇來臺北大學就讀的原因與動機，並進一步了解他們來本校之後的學習情況與生活適應。希望透過這個研究能幫助我們思考，學校未來在境外招生上的優勢（或潛在劣勢）在哪，並了解境外生是如何得知本校或為何選擇本校，再進一步思索本校未來無論在教學或行政服務方面尚有哪些待精進之處。本研究經彙整了超過30位境外生的想法與建議，經整理後大致可以分成以下五項要點：1)持續優化網路宣傳（系所網頁&校首頁對於招生很重要）；2)持續提升教學品質，增加與強化英語教學成效；3)持續提供境外生學華語的機會；4)持續增進各行政單位的英文諮詢服務以及清楚指引；5)持續提供更多活動，並增進本地生與境外生交流的機會。文中將針對以上五點進行深入描述。
111,3,黃怡婷,本校學生(含大學部及研究所)學校宿舍供需調查,臺北大學三峽校區截至目前已有二期共四棟宿舍，每年提供近 1500 位學生住於校內，顯示出校方對滿足學生住宿需求的不遺餘力。為了瞭解學生目前的居住狀況，並收集學生對近年新增的性別友善樓層及未來可能興建的三期宿舍之看法，受學務處委託進行問卷調查。<br><br>研究分析結果發現學生對校內宿舍仍有不少的需求，且優先區學生較非優先區學生有住於校內宿舍的需求。對增設及申請性別友善樓層的態度上，性別不同雖會影響填答結果，但總體而言仍是中立偏贊成。若興建三期宿舍，超過九成以上學生會申請住於校內宿舍，且希望的房型為套房、單人房、全為上舖，可作為未來在興建三期宿舍之參考。宿生希望增加更多對宿舍提供建議的管道，校外住宿生則期望可以提供更詳盡的校外租屋資訊，保障學生住的權利。
111,4,蘇南誠,弱勢生獲高教獎學金學習成效分析,國立臺北大學（以下簡稱本校）為執行教育部高等教育深耕計畫（以下簡稱高教深耕計畫）「提升高教公共性：完善就學協助機制，有效促進社會流動」，落實關懷本校經濟不利學生，本校補助無數弱勢學生協助其順利就學並完成學業，期待能在學生求學生涯中，減輕經濟或非經濟上之壓力，使其在未來有更佳表現。<br><br>透過本校103-110年度在校學生、弱勢身份別、在學參與活動情況、借閱紀錄、成績平均PR值與107-109年畢業學生所填寫之畢業生流向調查問卷結果等資料，本計畫檢視現有政策對於弱勢學生的補助，於校園學習及畢業後發展是否有顯著效益。研究以平均值、標準差與人數及百分比摘要變數的敘述統計，輔以t檢定、卡方檢定、羅吉斯迴歸等統計工具，客觀地提供在弱勢生中，有無參加高等教育深耕計畫在借閱量、在校成績、畢業後一年就業比例及求職順利程度的差異。
111,5,張升懋,本校師生國際發表能量調查研究,本校師生國際發表能量的多寡會影響本校的國際聲譽，進而影響本校在世界大學排名的位置。有鑑於此本研究僅對本校教師及學生所發表之國際論文做分析，並提出意見。首先我們試著說明本校每位老師帶領學生發表國際論文的量偏少，應致力於提升各級研究人力。接著我們指出本校教師的自我引用數量也偏少，故論文的重要性評量指標 FWCI 有被低估之嫌。再來，本研究藉由本校近六年的論文發表，總結出可能的校內研究團隊。以結果論，似乎校內團隊多為系內合作，在跨領域合作上略顯不足。最後本研究制作一簡易儀表板，供視覺化校內教師國際發表研究能量。
111,6,林定香,本校國際合作傾向調查研究,國際合作已成為世界趨勢，且國際合作有利於學術資源的共享、師生交流、以及研究教學能量的提升，因此有必要掌握本校師生國際合作當前的經驗及未來傾向。為了瞭解本校國際合作經驗與傾向，本文將利用數據資料來研究本校近年來國際合作現況，以及未來國際合作之傾向，藉由研究結果定位本校學術研究與國際接軌的概況需求，也將明確界定未來交流的國際對象及合作方式。<br><br>本研究以國際處國際合作組網頁姊妹校合作備忘錄資料及國際教育發展組所提供的交換學生資料為主要材料並進行統計分析，利用統計來了解本校以往國際合作的趨勢情形。就學校方面而言，包括與境外大學及學術機構MOU、重點姊妹校數、藉此結果可瞭解本校國際合作在全球的分佈狀況及需加強的區域。就學生方面而言，探討學生際移動學習的情形，包含出國及來校交換學生的情形。另外並利用卡方檢定（Chi-Square test）來探討學生個人的背景資料及國際合作等變數的相關程度。
111,7,魏嘉宏,教師產學合作與研發能量分析,為精進本校於國際學術界與台灣社會的影響力，本研究分別針對「問題1：如何提升教師承接產學合作計畫案的積極性」以及「問題2：如何確認產學合作案與學術論文的正面連結」進行探討。本研究以本校最近五年之產學合作計畫案與學術研究獎助清冊為依據進行整理與分析，尋找教師在承接產學計畫案中的活躍研究者，並探究其與學術研究之間的關聯性，並建立本校教師之研究領域檔案，進一步歸納本校目前計畫案的承接狀況與建議方向，期待透過本研究之結果能提升本校之研究能量。
110,1,陳澤義,透過行動計劃提升進修學士班學生學習態度與能力之研究,本計畫旨在探討國立臺北大學進修學士班，影響在學學生的學習態度與能力之相關行動方案的情形，即探究進修學士班學生的三種行動方案、學習態度、學習能力、學習後的生活增能、工作增能之內涵。本研究計畫係採用問卷調查法，並以一一零學年度進修學士班九個系所，全體在學生為問卷調查的研究對象。在全部進修部學生人數1913人中，本計劃在2021年4-5月間取得340份有效樣本，占17.73%，問卷結果尚具代表性。透過SPSS統計軟體分析，結果顯示學生的生活適能主要來自於: (1)良好的人際關係、(2)上進的學習態度、(3) 認識自己；至於在學習態度方面，學生認為主要困境來自於: (a)個人健康狀況；(b)學習感到厭倦；(c)學科感到厭惡。在課業TA、雙師業師、專業閱覽室三種學習行動方案中，學生最希望選擇擁有雙師業師，再者為(數位)TA。但是，再經由部分最小平方法模型的分析結果，影響學生學習能力與學習態度的因素，主要來自於課業TA，其迴歸係數最大且全部顯著；至於雙師業師與專業閱覽室則較小，且在不同年齡層皆呈現類似的結果，即不會因為不同年齡有顯著差異。此一結果與前述學生的直接比較選擇的結果，呈現明顯的不同結果。在個別學院中，商學院，與公共事務學院則相對的對於數位較學助理的需求最殷，至於社會科學院則是比較需要雙師/業師的浥注。而法學院則是較需要專業閱覽室的設置。
110,2,蘇南誠,完善就學協助機制對經濟不利學生之影響,近年來，透過高等教育深耕計畫與各企業與民間團體設立的獎助學金，臺北大學補助無數弱勢學生，期待能在學生求學生涯中，減輕經濟或非經濟上之壓力，因此，如何分配有限補助金，使其效益提升為政策之重要議題。 <br><br>本計畫透過國立臺北大學105-109年度在校學生之性別、年級、補助金、弱勢身份別、各項補助金、修課數、在學參與活動情況、休退學與學年平均 PR成績來檢視現有政策下對於弱勢學生的補助，於校園學習是否有顯著效益。利用敘述統計、卡方檢定、羅吉斯與一般線性迴歸及結構方程模型來呈現客觀數據與論證本研究之三個假設：校園投入程度與個人背景、弱勢身份別與助學補助措施有關；學習發展與校園投入程度、個人背景、弱勢身份別、助學補助措施有關；學習發展與個人背景、弱勢身份別、助學補助措施之關聯會受校園投入程度影響。  
110,3,白惠明,本校107~108學年度個人申請管道入學生之學測級分、書審分數、面試分數與入學後學業成績之相關研究,現今台灣教育體制多元化，而本研究旨在探討入學管道與學業表現的關聯，將每位學生各學期之各科成績加總，以平均PR值及修課變異進行分析，並找出其他顯著影響學習成績的變數，另外加以探討書審成績、面試成績與學業表現相關性。觀察入學一年新生之表現，入學管道與性別有顯著的影響，以繁星推薦生及女性表現最佳，私立高中表現相對較差，而在學測成績分組當中，小於Q1之組別明顯表現最差，其餘三個組別沒有顯著差異。再者，觀察107年入學學生之長期學業表現，無論平均PR值或修課變異，入學管道與性別皆有顯著影響，且繁星推薦生表現最優異，女性普遍優於男性，若以學測成績分組而言，第四組學生表現明顯最差，而家庭經濟狀況清寒之學生表現最優異。觀察長期趨勢，以高工職以及家庭狀況清寒、貧困學生之波動度較大，其餘變數之波動趨勢則較相似。此外，就書審及面試成績而言，統計系及中文系呈高度相關，法律系司法組及財經法組則無關，而書審成績與在校表現相關性最高的為財政系與會計系，另外，面試成績與在校表現普遍無關，僅中文系與金融系呈現低度相關。
110,4,馬國勳,新冠疫情下，遠距教學對於外籍生與社經處境不利學生學習成效之影響初探評估,本文的主要研究目的，將特別聚焦於就讀於本校的境外生，了解他們在參與遠距教學與學習歷程方面的經歷。藉以探討，疫情下的遠距教學，是否會負面影響境外生的在校學習表現與情況。具體而言，本文嘗試探討以下五個問題：<1> 自2021年五月期間（109學年度第二學期），課程全面改採遠距，本校學生在參與遠距教學的實際狀況、反應與滿意度如何？在境外生與本國生的眼中，遠距教學分別有哪些的優、缺點？ <2> 本文想進一步了解，來自於不同國籍與社會環境的境外生，對於遠距教學的滿意度與參與情況，有哪些差異？ <3> 在2020年上半段（108學年度第二學期），疫情剛爆發的初期，有一些港、澳與陸為首的境外生無法順利返台，只能滯留在海外參與遠距。對他們而言，108-2的遠距課程參與經驗，是否和109-2有明顯的不同？ <4> 遠距課程對於家庭與經濟背景不利的學生所帶來的負面影響，是否比較大？ <5> 具體上，何種課程規劃、設計與形式的遠距課程所產生的學習效果比較佳？本研究的分析資料，乃以問卷調查資料為主，質性文字紀錄以及深度訪談資料為輔。透過這些量化與質化資料的分析與詮釋，來探討以上五個重要的研究問題。透過本文的研究發現與結果整理，希望能夠幫助校方以及各系所師長能了解：不論就境外生或本國生而言，在參與遠距教學過程中常遭遇那些問題。
110,5,陳易甫,臺北大學跨域學習與主題式教學之後續研究,本年度校務研究持續探討臺北大學學生跨域學習的情況。利用臺北大學學生的修課資料、各學程認證的取得資料及各學程的科目規劃表，本研究探討下列兩個問題：跨域學習與學系之間的關連為何及某一學程其認證取得情形與潛在客源。在跨域學習與學系的關連性上，本研究發現與輔系、雙主修相比，近年（108-109學年）學分學程的修習情況應該會逐漸成為主流。然而，這個情況只發生在部分的學系中。其次，從學程與學系的親近性來看，我們看到不同學程的經營方針。有些學程採取的是廣納百川的方式，廣納各系的學生。然而，也有部分的學程是以學系的專業作為考量，僅能吸收該學系的學生來修習。在客源分析上，本研究也發展出一套分析學分學程潛在客源的分析程序。學程召集人可以從學生修課資料與學程課程表可以細部的觀察學程設計上需要再加強的地方，並從中找尋可能的「客源」。本研究也期望學校能夠開發類似的客源系統，提供給學程召集人及學生之用。
110,6,黃怡婷,本校世界大學排名提升策略之研究,教師教學與研究狀況為大學排名的重要依據，為提升學校教學與研究的質與量，兩者間的關係長久以來備受關注。而各學校的教師其在教學和研究工作的比重也會有所不同，本研究的研究目的為探討教師教學與研究之間的關係，以及增加本校哪些研究結果可以有助於提升排名。可針對研究計畫給予教師補助或獎勵，以鼓勵教師在研究領域的動機，進而提高本校在各項排名指標的表現。<br><br>本計畫透過國立臺北大學教師之基本資料、五年教學時數、五年期刊發表及教學負荷、計畫核定等資料，整理出教學負荷與研究表現等指標進行分析。首先針對教師各項基本變數、研究型資料、授課時數資料、國際合作論文做敘述性統計，接著針對教師基本變數、論文發表情況與教學負荷做統計分析，並分學院觀察其分布情形。在教師基本變數的部分，除了最高學歷國家其教學負荷無顯著差異，其餘教師基本變數的教學負荷皆有顯著差異。將教學負荷和教師基本變數的做迴歸分析，發現教師年資和發表論文數在模型中為顯著估計值，對教學負荷有顯著影響。而後以科技部計畫的件數和經費與教師基本變數建構模型，電機資訊學院的教師其科技部計畫總經費為各學院中最高，其中人文學院和商學院與電機資訊學院的教師相比，其科技部計畫經費有顯著的較少。和其他學校相比，本校在各年的科技部計畫核准經費皆較低。科技部計畫件數的部分，在各年皆比其他學校低，本校研究員人數亦為最少。
110,7,魏嘉宏,精進本校跨領域及公部門合作研究推動策略之研究,為精進本校跨領域及公部門合作研究之推動，本研究分別針對「議題1：如何調動校內教研人員執行公部門研究案之積極性」以及「議題2：如何以首選合作對象來取得公部門的研究計畫案」進行探討。議題1是以問卷調查來初步瞭解本校教研人員對共組跨領域合作研究團隊的考量與激勵因素；在問卷設計中提出五大問項，並以李克特五點尺度量表衡量。全校教研人員問卷調查，回收率達16%；而議題2是對曾參與、執行、規劃公部門研究合作案的校外組織管理層進行深度訪談，由此更有助於深入瞭解其他組織的接案流程與獎勵機制。受訪對象共4位，時長為40分鐘~60分鐘。彙整問卷調查與深度訪談之結果，本研究針對議題1與議題2提出9點策略 (1)建立活動場域聯結各領域教研人員 (2)尋找合適的計畫主持人 (3)收錄、分類歷年投標計畫書範本以提高公部門計畫申請通過率 (4)簡化校內行政流程，讓教研人員專注案源 (5)提供標案制式文件  (6)共組跨領域團隊對外輸出能量 (7)建構研究能量對外展示平台 (8)收集案源資訊 (9)協同合作校外組織。
110,8,吳宜珍,臺北大學學術拔尖暨特色領域補助型計畫之相關研究,"「學術拔尖計畫」以及「特色領域計畫」(合稱「補助型計畫」)為本校提昇研究能量及競爭力的重要激勵計畫，經費規模3年3,000萬元。但近2年來申請人數遞減，業務主管單位(研發處)欲檢視補助型計畫是否具改善空間及如何改進，以使有限的資源更精確地投入教師研究。因此本研究目的希望藉由曾執行「學術拔尖暨特色領域計畫」教師之經驗回饋，作為學校激勵育才計畫之政策進步指引。研究架構藉由相關文獻瞭解影響大學教師研究之因素；再由內外部數據資料進行補助型計畫之成效分析，最後，施行問卷調查蒐集曾執行計畫的教師對本校補助型計畫之評選機制看法。結果顯示，利用教育部公開資料進行成效分析，本校補助型計畫實施後，平均每師承接政府部門之研究計畫經費增加約10%，達成爭取政府部門經費之效。然近年來各大學對外申請的研究計畫經費逐年大幅增加，顯示外部競爭環境加劇。本校平均教師承接研究經費仍排序在一般國立大學25%以下，對於爭取外部研究計畫經費尚有努力空間。問卷調查結果顯示，曾執行「補助型計畫」校內教師高度認同「學術拔尖與特色領域計畫」對於校內的「跨域」、「研究風氣」、「論文發表」、「創新研究」已獲得預期成果。但對於申請人員資格/條件屬低共識度，建議調整人員申請門檻及限制條件，以增加教師參與之意願。執行與管考方面，建議增列執行期滿後投稿論文至著名學術期刊研究成果之選項。整體而言，補助型計畫對於校內研究有助益，希望持續發展，若能突破組織團隊不易之困境，將有助於本校研究跨域合作產生新的研究火花。"
109,1,陳澤義,進修學士班學生學習動機、成果、滿意度與生涯規劃之調查研究,"本計畫旨在探討國立壹北大學進修學士班，在學學生的就讀動機與擧習滿意度之相關情形，即探究進修學士班學生的學習動機、學習成果、學習滿意度與生涯規劃之內涵。<br><br>本研究計畫係採用問卷調查法，並以一零九學年度進修學士班九個系所，全體在學生為問卷調查的研究對象。在全部進修部學生人數2128人中，本計劃在2020 年取得 1260份有效樣本，占 59.21%，問卷結果深具代表性。透過SPSS 統計軟體分析，結果頭示學生的學習動機與便利動機影響滿意度的三大因素是(a)求知慾、(b)時間可配合、(C學校聲譽;至於影響不满意度的兩大因素則是(a)不符工作需要、(b)無法提升工作能力。在學習挑戰方面，學生碰到的困難是(a)無法掌握學習方式;（b)不喜歡學科內容：(C)學校上課時問配合問題。在個別院與年級中，一二年級對於求知欲與提升能力上最滿意，三四年級對於時間配合與學校聲譽上最滿意。一二年級對於工作需要上最不滿意。在個別學院中，法學、商學與社科院對於求知慾最滿意，各學院均對於時間配合與學校聲譽上最滿意。
法學奥社科院在工作需要上最不滿意，法學與商學院在提升能力上最不滿意。"
109,2,陳易甫,臺北大學跨域學習與主題式教學現狀分析,"在109年度的校務研究計查中，本人探討臺北大學學生跨城學習的現狀。本校跨域舉習的樣態有雙主修、輔系及學分學程的認證。本計畫以臺北大2005-2019 年的學校務資料進行分析。在雙主修方面，法律系、企管與會計為跨域學習的最大宗，而法律、經濟與企管則是學生取得輔系認證的最愛。其次，行政系、不動產系與經濟系有較多的學生取得雙學位的認證，而法律、企管與經濟系則有較多的學生取得輔系的認證。經過交又的比對，可以發現學生雙主修與輔系的取得有其相輔與相容性的考量。在學分學程方面，本研究以2007-2018 年間學士學分
學程認證取得數進行探究。結果發現本校學分學程在主題上頗為多元，足以提供學生豐富的選擇。整體取得數上，以商學院的學程取得數最多，法學院居次。結果也發现部分學程成立時間相當的久，然而取得數卻只有個位數宇而已，值得校方的重視。最後，分析結果也發現，學分學程在課程上的設計 （如選修的佔比、每年開課的課程涵蓋率與課程跨域度）有助於認證的取
得數。這值得學程召集人在設計學程時注意。"
109,3,胡中宜,大學新生憂鬱、自傷、自殺意念調查分析：2017-2020年,
109,4,黃怡婷,本校教師與學生影響力與大學排名關聯分析,教學及研究是大學老師兩個主要工作面向，世界大學排名主要也依據這兩個面向指標。這兩個面向之關聯性會因為學校屬性而有不同，本研究會探討本校教師教學與研究能量之間的關係，在時間與資源有限下，若可以訂定合適本校的獎助措施，優化排名指標變成非常重要。<br><br>本計畫透過國立臺北大學教師之基本資料、五年教學時數、五年期刊發表及教學負重、計畫核定等資料，整理出教學負重與研究表現等指標進行分析。使用叙述性統計對本校教師的教學及研究概況進行呈現，以觀察各學院近五年教師的研究成果與授課負重，並且觀察近五年有無進行相關研究之教師在授課方面之趨勢。各擧院教師平均授課負重之方面，人文學院、法律學院、商學院、電機資訊學院之授課負重皆大於0小時，而公共事務學院和社會科學學院在近五年授課負重有小於0之情形。科技部計畫的平均通過件數的方面，電機資訊學院為最多，法律學院次之。教師平均發表論文總數，近五年以法律學院為最多，商學院與電機資訊學院次之。於每位教師平均發佈 I 期刊篇數的部分，則以電機資訊學院最高，商學院次之。再者，有無發表論文與授課負重的關聯探討，公共事務學院、法律學院、商學院、電機資訊學院有發表論文之教師，授課負眾較重；人文學院為無發表論文之授課負重較重。此外，有無申請科技部計畫與授課負重之關聯中，以法律學院、電機資訊學院有申請科技部計畫之授課負重也較高；人文學院和商學院則為無申請科技部計畫之授課負重均較高。
109,5,詹昀姍,國際移動經驗與職場競爭力之因果關係研究與國際移動經驗之整體效益評估,因應全球快速變遷與人才競爭態勢，各大專院校積極與國際知名院校簽署學術交流合作協定，其中最常見的是提供學生短期交換及雙聯學位計畫。本研究將探村本校學生參與國際交流計畫(短期交換或雙聯學位）對其職涯發展及國際競爭力之關連性，內容包含：國際交流與職涯規畫、國際交流與就業狀況、國際交流與就業國際化。研究結果將有助於評估参與國際交流對臺北大學學生事業能力及就業競爭力之影響。
109,6,王明聖,教師支持與精進-教學品質與研究產能的關係,針對大學教授在教學與研究之間關係，許多研究呈現出不一致的結果，有研究認為教學與研究之問是存在著「競爭街突」的關係(因為花在研究與教學的時間會相互抵銷），也有研究指出兩者之間「没有任何」的關係，更有研究指出研究與教學是彼此「合作」的關係，將研究帶進教學往往能讓學生獲得最新領域的學習。為了回答這個問題，本校務研究透過多變項量化模型分析臺北大學教師教學(學生對教師的教學評鑑分數標準化/相對於系所的平均教學評鑑分數)與研究(老師每年發表期刊專書的研究獎勵金額)等內部相關資料，並佐以質性訪談(學術副校長、院長及研究優良教師)來初步探討教學興硏究的開係。其中量化研究發現教學興研究之間沒有關係。在影響教學方面:老師的授課時數越多會負面地影響到學生對老師的教學評鑑分數；在影響研究方面：老師申請到科技部的經費較多、年齡越年輕(相對於較長者）、副教授以上(相對於助理教授)相對也較有可能獲得期刊專書的研究獎勵金額(代表研究越強)。而質性訪談發現，助理教授階段越早獲得科技部經費與有團隊或研究導師的協助，都會正面地讓年輕學者有更多的研究能量與文章發表的可能， 本校鼓勵老師研究與教學的相關制度也在此進行評佔討論。
109,7,蘇南誠,畢業後表現與UCAN興趣探索、入學管道、課外參與、學業成績的關聯性分析,教育部推出 UCAN 就業職能平台希望協助大專生認識自己職能所需具備的能力，本校 104 學年開始大一新生於入學時全面進行施測，本計畫希望了解UCAN 調查結果可否提升學生學習成效，提供職涯發展中心未來規劃相關職能活動的参考。<br><br>整合 UCAN 調查結果、學生課程表現、學生學習參與與學生畢業流向調查的資料，本計畫設定學業成績 PR值與畢業後即投入職場工作兩個層面為學生學習成效，將UCAN 調查結果與學生學習參與視為解釋變數，採用因素分析將 16個 UCAN 構面整合成人文與理工指標，使用迴歸模型與結構方程模型來評估變數間之關聯情況。<br><br>對於畢業是否投入職場工作，以繁星入學學生有較高機率畢業投入職場工作，而人文指標分數較高、参加過職涯相關活動的學生有較高機率畢業投入職場，說明校園舉辦相關講座及說明會對於未來工作具備一定程度的成效。對於學生在校成績方面，若學生在校成績越好，對於學生畢業投入職場工作具有反向影響，說明學生成績越好，未來發展可能會繼續升學或進修等其他計畫。本計畫係以提供教學資源應用與未來教學方向參考之依據，建議投入適當的校園輔導教學資源，以期學生所學能學以致用並且增加投入職場後的職能。
109,8,吳宜珍,臺北大學對未來大學的想像,為瞭解校內教師對未來校務整體看法與創新想法，本校李校長特別指示 IR 辦公室執行專案研究，辦理全校專任教師間卷調查，以利回饋到學校未來政策的制定。據此，IR辦公室規劃研究架構藉由相關文獻史料瞭解高教精神脈絡以及臺灣教育政策的轉變、現今教育所面臨的全球化挑戰：再由數據資料進行臺北大學環境分析，最後，實行問卷調查(量化)以及深度訪談(質化）苑集本校教師對未來大學之看法。環境分析面向採用教育系統模式(輸入、過程、輸出)三個面向，以多元尺度分析法進行，評估臺北大學在三面向的辦學表現。競爭態勢分析結果顯示教學、學生多元學習為臺北大學的優勢。全校專任教師問卷調查，回收率達34%，獲得未來人才、未來學習方式、未來教學方式、未來學校機制等之共識。未來人才特質應重視(1)問題分析及解決問題的能力，(2)學習如何思考、（3)跨文化溝通交流與整合的能力；未來學習方式應重視 (1)跨領城學習，(2)多元職業探索課程；未來教學方式應重祝 (1) 講授教學，(2）創新思考教學，以學習者為中心，（3）實作教學：未來學校機制應重視終身學習，讓大學成為開放的學習中心。未來是跨領域時代，多元學習為臺北大學優勢，建議持續發展成臺北大學特色，加強人與人之間的互動，創造新的跨領域火花
108,1,蘇南誠<br>黃怡婷,探討畢業生流向調查與UCAN如何引導學生提升就業力,國立臺北大學畢業生流向調查已經收集近 10 年畢業生畢業後的就業情況，歷年的調查報告都只針對單年度的畢業生，本研究串連100 與 101 年畢業校友畢業一年、三年與五年之資料，並與其在學修課表現合併，並加入使用學校資源情況等變項，試圖了解在學情況與就業的關聯。<br><br>本研究串聯三次畢流調查後發現約 2 成畢業校友從未回覆過問卷，該部分的校友在學表現差異較大。使用有回覆校友的資料，有四成二的畢業生於畢業一年後有全職工作，畢業三年有全職工作上升至七成，畢業五年僅一成校友尚無全職工作。運用隨機截距模型建立長期薪資的預測模型，建模結果發現校友的起薪與隸屬學院與在校表現有關，其中以商學院校友且在校表現佳起薪較高，隨畢業年度愈多，薪資顯著線性成長，但隨性別不同變動趨勢明顯不同，男性畢業生薪水增加幅度較女性快。<br><br>由研究成果發現在校表現確實會與起薪有關，但因本次研究使用早期畢業生的資料，缺乏學生參與國際交換與企業實習的資料，未來若可以納入該部分，可以了解與企業接軌，以及國際化指標的效果。
108,2,胡中宜,大學生心理健康調查分析：2017-2019年,
108,3,陳婉琪,社團參與對未來職場表現之影響,許多國內外文獻指出，社團參與對大學生未來的職涯發展可能扮演舉足輕重的角色。一方面，社團參與提供了學生在課堂外自主學習參與的經驗與機會，如人際關係、實務工作能力等，進而提升其個人價值。另一方面，部分研究也指出，過度地參與社團活動有可能導致學生無法專注於課業上，進而造成其課業低落。本報告結合國立臺北大學資訊中心所提供之校務資料（90至104學年度）與2012至16年國立臺北大學大學部畢業學生的畢業流向調查資料，試圖瞭解大學部學生參與社團的決定性因素，以及社團參與對畢業滿一年之後的薪資之影響程度為何。本報告結果顯示，學生之性別、畢業年份，以及入學時的學測總級分皆對社團參與沒有顯著影響。然而部分科系（如社工系）的學生可能較熱衷參與社團。除此之外，本報告也發現社團參與對學生在校時的學業表現與未來薪資沒有顯著影響。然而，一但將學生分為「社團活躍且課業佳」、「社團活躍但課業差」、「課業佳但社團不活躍」，以及「兩種都未有積極表現」四類後，本報告發現，社團參與程度高對於未來薪資可能有負面影響。未來學校可能需要留意學生在課業與社團參與上之平衡發展。
108,4,陳易甫,適性選才、學業中斷與學業表現的後續分析,在107年度的校務研究計畫中，本人探討臺北大學選才標準與學生學業中斷的關連。具體的研究主題在於探討入學學測分數、最小篩選倍數科目與檢定標準與休學與退學的關連。雖然已經對學生學業中斷的情況有清楚的描述，然而，這樣的發現有其限制。由於研究者取得的資料缺乏學生休學或退學的時間，無法進一步探究學生停留時間與選才標準的關連。此外，除了學業中斷的現象外，學校各科系的選才標準與學生在校的表現的連結亦是另一個值得探討的議題。在不同的標準下選進來的學生，在學業表現上是否有所差異，是一個需要實證資料回答的問題。是故，本年度延續前期計畫並採用更為細緻的分析方法探討選才機制與學業中斷之間的關連並加入探討選才機制與學生在校表現的關連。結果顯示，在學業中斷上，具有明確影響力的篩選標準為國文。在控制多個相關變項的情況下，當系所未設定國文為篩選標準時，其學生有較高的學業中斷的可能性。除此之外，其他選才標準對學業中斷並沒有統計上顯著的影響。在學業成績上，在未控制選才標準對學業表現有統計顯著的影響，然而，在控制了入學管道、學測成績與性別後，這些效果就消失了，顯示兩者為虛假的關連。依據兩年的研究發現，本研究做出校務上的建議。
108,5,林茂廷,群聚修課、學生背景與學習表現,
108,6,傅健豪,學生來源與畢業流向以教育機會觀點分析多元入學方案影響,本研究探討入學管道與學生背景對就學狀況與畢業選擇的影響。利用2001-2018年校務資料及20130-2018年畢業生流向問卷調查，檢視學生來源、家庭背景、就學表現，及畢業後升學決策與初職狀況之差異。針對城鄉學生及來源地所得，比較其就學與就業表現，以追蹤近年招生模式改革產生之生源變化，對學習成效及初職表現的影響。<br><br>研究成果發現，繁星及申請入學有助於分散入學生的區域集中度，使更多來自非都會區或中低所得區域的學生進入臺北大學，其中又以繁星推薦增進弱勢生入學機會的效果最為明顯。此外，透過繁星推薦與申請入學之學生，在學表現皆較好，此結果與過往研究成果一致。但不論入學管道，來自中、低所得地區的學生，在控制學測成績後，就學後表現仍較好，且此現象在多元入學擴大實施後，才逐漸浮現。<br><br>入學管道或學生來源地區，則與畢業生的升學決策或大多數初職狀況沒有明顯的直接關係，如預期地，升學決策與部份初職表現，主要仍與在學成績較直接相關。但來自低都市化地區的學生，在畢業一年後仍待業的比例較其他地區的學生高。此外，來自弱勢家庭的畢業生，尋得初職的時間也較長。這些現象顯示，家庭資源與成長背景仍有可能影響學生的求職過程，其原因或個別差異性值得進一步探究。最後，上述結果在院系間存在明顯差異，因此各系選才模式是否影響學生來源及其就學後的配適度，值得後續研究探討。
107,1,張玉山<br>蘇南誠<br>詹場<br>/柯文乾,運用UCAN結合畢業生流向調查探討教學資源投入對學生學習及就業力之影響-資訊及數理能力對就業力之影響—以求職時間及每月薪資為例,目前大數據及人工智慧等時常被提及，而在各領域各種資訊相關的議題越來越受重視。當學生要涉及這些議題，其需具備相當的資訊能力才能對這些議題做深入瞭解，因此，資訊能力在未來將成為學生的必備能力。資訊能力的邏輯發展跟其數理能力相輔相成，數理能力好的學生，也較容易理解接受在這些領域常被使用的實證分析模型或方法。因此本研究將透過邏輯斯回歸模型去探討台北大學學生之資訊能力及數理能力，對求職時間與每月薪資的影響。而研究結果中，目前在求職時間與每月薪資兩個模型中，在透過篩選樣本之後，顯示了資訊能力對金融與合作經營學系、不動產與城鄉環境學系、企業管理系、財政系等等是有顯著幫助的。
107,2,張玉山<br>蘇南誠<br>童伊迪,運用UCAN結合畢業生流向調查探討教學資源投入對學生學習及就業力之影響-國立臺北大學原住民學生與僑生課業輔導暨大學生活適應調查,學生為例，目前原住民學生約佔總學生人數的1.05%。原住民族為台灣歷史最悠久的族群，長期以來經常面對者被壓迫、剝削及被邊緣化的地位，對於原住民族學生而言，同時面對族群文化或主流意識形態認同的窘境，在教育制度的非政治正確的優惠政策下，原住民同學面臨著制度性歧視的困境，被貶抑與低自尊是揮之不去的陰影。<br><br>有鑑於原住民族學生在校期間休學、退學人數較一般學生人數高，本研究欲了解原住民族學生在學期間的學習參與、學習成效與學習經驗。研究結果希冀能夠作為協助原住民族學生在學期間學習成效之依據，以減少其休學、退學之問題，提升其學習適應與學習自信，進而促進未來的就業力。
107,3,張玉山<br>蘇南誠<br>陳宗天,運用UCAN結合畢業生流向調查探討教學資源投入對學生學習及就業力之影響-職涯中心活動與畢業學生就業相關性調查,本研究為了解學生參與校內不同類型之職涯活動是否有利於學士班學生畢業第一年的求職情況，以幫助決策參考 – 將有限資源優先分配給對學生較有利之活動。因此欲透過統計分析來了解參與職涯活動之次數是否與求職順利度、薪資情況、工作滿意度有相關。由於職涯中心舉辦之活動類型有所不同，因此本研究將職涯中心活動區分為四個類別，分別是：徵才活動、企業實習活動、講座等分享類型的活動、以及技巧教學等工作坊互動類型與實務類型的活動。為達到以上目的，本研究使用’2011-2016職涯講座&校園徵才人數統計表’、‘103-105年詢問畢業一年後畢業生之問卷調查結果’綜合進行分析。本研究先將2011到2016年的‘職涯講座&校園徵才人數統計表’的活動參與名單根據活動性質分成四份表單，並且將相同學號之學生合併藉此統計該學生參與每類別活動之次數。接著分別對於每一年的問卷調查結果做資料清洗，最後利用學號將資料表合併。分析時將資料表分成80％的訓練集以及20%的測試集進行邏輯斯回歸。藉由Score值與p值判斷應變數是否與職涯中心活動參與相關。通過分析發現，學生畢業第一年的求職順利度與參與職涯中心活動有較高的相關性，而薪資狀況以及工作滿意度與職涯中心活動較無相關性。也因此本研究建議職涯中心未來可以嘗試改變活動，使之對於甫出社會的畢業生在求職上更有幫助。另外，本研究的活動分類方式並未與職涯中心討論並取得共識，可能與職涯中心原先規劃不同，因此可以建議職涯中心未來對所舉辦的活動進行分類，以便利往後的資料分析。
107,4,胡中宜,視覺障礙學生課業輔導方案對其學習策略與學習成就之介入成效,本研究針對本校資源教室申請課業輔導的視覺障礙學生，評估課業輔導對其學習策略與學習成就的影響。本研究採用李咏吟、張德榮、洪寶蓮等教授編制、中國行為科學社發行之《大學生學習與讀書策略量表》進行前測與後測。比較前後測之差異並綜合學生的學期成績、班級排名、課業輔導老師背景等變項，進行分析與討論。研究發現學習與讀書策略較好的學生在學期成績上表現學習與讀書策略較弱者優秀。不過最初報名課業輔導時，學習動機的差異，以及施測的時間點，成為本次的研究限制，導致整體學生學習與讀書策略測驗的前、後測差異不明顯。本研究最後提出研究限制，作為未來類似性質研究的參考。
107,5,傅健豪,生源分析：多元入學與平衡城鄉教育機會研究,平衡城鄉學生教育機會，是高等教育改革的主要目標之一。以臺北大學而言，近年雙北以外的學生雖逐年增加，但主要仍來自於高所得、高城鎮化的地區。為進一步探討入學管道、城鄉差距、與學習成效三者的關係，本研究彙整校務系統各學生歷年學習紀錄，並結合居住地資訊，檢驗不同入學管道與居住地來源學生的就學表現。研究成果有下列發現：（一）與過往校務研究及多元入學相關文獻一致，在控制入學年份及系所差異後，繁星入學的學生表現最佳，申請入學者次之，指考入學者平均成績為三者最低。（二）近年都會區學生的表現明顯不如非都會區學生，且城鄉學生表現的差距與地緣距離或入學管道無明顯關聯，即使是來自大台北地區外的學生，非都會區學生的表現仍明顯較好；而不論入學管道為何，此現象皆存在，而此現象主要於多元入學擴大實施後才浮現。（三）在考量城鄉差距後，入學管道與就學表現的關聯性明顯降低，因此過往校內研究所觀察到的入學管道表現差異，可能有相當程度來自於城鄉學生表現的差距。（四）城鄉學生表現之差距，並非普遍存在於所有院系。綜合以上結果，近年所招收之都會區學生特質可能已不同以往，而城鄉學生學習表現之差異，值得校方持續追蹤並探討其成因，以進一步協助系所規劃整體招生策略並擬定輔導資源分配。
107,6,林茂廷,圖書借閱、通識、及網路社群與學習成效之關連,本研究在了解群體對個體學習的影響，原本設定的群體互動研究對象為臉書平台，然自劍橋個資外洩事件後，臉書資料取得變得困難，故改成學生課表與同儕重疊所形成的群聚指標為分析變數。以國立臺北大學100-102學年入學之日間部學生為研究對象，我們發現，越喜歡和同儕群聚學習的學生，其（1）專業科目PR比較高，顯示同儕間有明顯的正向學習影響；然而（2）外系專業科目的學分佔比較低，同時外系專業科目的多元性也較小，顯示同儕群聚對多元興趣探索似乎有負面的影響。本研究也同時探討了圖書借閱與通識課程對學習成效的影響，初步研究發現（3）對畢業學分多且外系專業比重高的學生，書籍借閱量與PR 有正向關連；另外，（4）對於畢業學分安排相對少的學生，其通識修習科目越多，PR也較高。
107,7,陳婉琪,跨領域有用嗎？臺北大學學生之跨領域學習狀況及職場表現初探,近十年多間，教育部積極透過各類計畫案推廣跨領域學習，希望能培養多方跨領域人才，顯示跨領域學習的重要性。然同一時間，台灣正逐漸走向低薪化，大家都在問，如何提升或加值自我薪水？因此，數篇報導與研究就指出：「跨領域學習」能讓我們換位思考，並整合不同領域知識，同時提升自我薪水。真是如此嗎？為了回答此問題並瞭解本校跨領域學習情形，本報告整合本校校務資料及畢業生流向調查，係回答跨領域學習是否真的能夠讓同學在未來找工作或薪資上有所幫助？此外，本報告也提供本校各院／系所瞭解其學生修習跨領域的比率及狀態，供各單位參閱。<br><br>本次研究結果如下。2012-16年本校跨領域學習的比率有微幅上升趨勢；人文學院、社科院／歷史系、中文系完成至少一類跨領域學習的學生比例較其他院／系所來得高。再者，本報告發現，雙主修、輔系或跨領域學程的畢業生，在初職薪資上雖無明顯優勢，但仍呈現正面加值效果。而跨領域學習的優勢主要在於「跨系修課比例」本身，修習跨系課程比例越多，則其畢業後的薪資也就越高。
107,8,陳易甫,適性選才、學業中斷與初職表現,有鑑於未來大學辦學所面臨的難題，本研究利用臺北大學的校務資料結合各科系歷年選才的標準來探討大學生源流失的議題。運用2011至2017年的校務資料，本研究針對大學生休學與退學進行分析。分析結果顯示臺北大學歷年生源流失比例約在5%至7%之間。其次，有微弱的趨勢顯示此一流失比例跟學生的學測總分有關。那些學測表現較優的學生，在入學後有較高的休退學可能。在有關最小倍率科目與主科檢定標準的分析中，校務資料顯示數學能力較高的學生有較大的可能性會有休退學的情事發生。依據這些發現，本研究依據「適性選才」的原則提出相應的詮釋與建議。
107,9,吳宜珍,不同居住類型對臺北大學學生學習成效之探討,宿舍與招生問題息息相關，且臺灣近年來逐漸重視宿舍與學習發展，一些大學懷抱著理想，開始成立住宿書院或學院。顯示宿舍的教育功能逐漸成為國內外大學人才培育過程中不可或缺的一環。國內莘莘學子歷經升學競爭壓力後，進入大學就讀，首次離家居住在學校宿舍或是租賃房屋在校外，在離家缺乏父母照顧與管教的環境下，宿舍所提供的住宿生活和學習環境對大學生的發展是相當重要的。學生宿舍位於校園內，學生更能使用學校資源，因而期待住宿舍學生能比居住在校外的學生有更好的學習成績表現。但是，大學生從高中生活，離開父母的管教，住宿生亦有可能少了家人的約束，長時間沉溺於玩樂而荒廢課業，導致學習成效不佳。基於前述背景與動機，讓人欲探究不同居住類型的學生其學習成績有差異嗎?學生宿舍在校園內，會增加學生學習的機會? 藉此審視宿舍對於學生的實質助益。研究結果發現不同居住類型對學生的學業成績無顯著差異，但是在圖書館借閱量方面住宿生高於住家裡的學生，表示住宿生居住在校園會增加學習的機會。
106,1,傅健豪,生源分析：多元入學與平衡城鄉教育機會研究,高等教育規劃的重要目標之一，在於透過平衡教育機會以促進社會階級流動。近年大學招生模式的改革是否能有效落實此理念，便成為學者及政策規劃者的焦點。本研究整合校務及外部資料，分析自2001年來，臺北大學生源區域組成之變化。先以描述性統計呈現歷年入學新生來源及集中度；再進一步透過人口、收入等城鄉化指標，檢視多元入學之實施是否有助於來自資源落後區域學生之就學機會；最後比較上述情況在各學院與系所間的異同，以利於系所規劃對學生就學後的輔導策略。研究結果顯示臺北大學近年來已減少對雙北生源的依賴，學生來源的集中度也逐漸下降，但日間部入學生仍大多來自於都會區，而學生來源地區組成的歷年變化在學院與系所間有相當程度的差異。<br><br>就城鄉差距方面而言，研究發現本校自多元入學實施後，南北失衡的問題雖有逐步改善，但對學生大多來自高所得、高城鎮化地區的狀況並無明顯影響。甚至在近幾年，申請與考試入學的學生來自高所得地區的比例有逐漸增加的情況，而以繁星入學的學生來源則較接近全國平均。此外，迴歸分析的結果亦顯示單以平衡資源落差地區學生之入學機會而言，繁星入學為最有效的工具。此研究最終成果可協助校方規劃整體招生策略，透過適用於臺北大學特性之參考資料來分配未來入學管道之員額與安排適當之學業輔導，以確保兼顧生源多元化及學生適才適所的目標。
106,2,吳雪伶,各種招生管道、入學成績與學生學習成效的關聯性研究,在學生總量限制及教學設備等資源固定下，本校各學系在擬定招生政策時，必須思考如何在各種不同入學管道中取捨，藉以招收到最適合之學生。然而，過去本校在擬定招生政策時，因未曾確切掌握各種入學管道之學生學習表現而無法據以提供招生政策之參考。有鑑於此，本研究依各種不同招生管道、入學成績及其在校之學習表現進行統計分析與優劣比較，進而剖析它們之間的關聯性，藉以提供本校各學系調整其配置比例之參考。研究發現繁星推薦、學測總級分與學測國文/英文/數學成績較高的學生皆有較佳的PR值表現，但學測總級分與學測數學成績較高的學生有隨學期變動而有下降之趨勢。<br><br>本研究考慮學生學習成效應強化多面向的學習能力，而非學業成績。有鑑於此，引用歐美評鑑機制，增加100~105學年度入學的日間部學士班學生，在語文能力(TOEIC)、課外活動(參與實習、圖書館借閱次數)與在校學習表現(延畢)等三個面向加以探討。透過羅吉斯迴歸分析發現，儘管指考分發學生在PR值的表現最差，但他們在其他能力表現(如:TOEIC、參與實習、圖書館借閱次數等)卻是表現最佳。整體而言，本校繁星推薦學生的表現(除會計系與資工系外)優於推甄入學與指考分發，符合過去研究。
106,3,程智男,招生成效：弱勢學生入學管道及學習成效表現研究,據臺灣高等教育整合資料庫及教育部相關統計，臺灣教育似有走向M型化的趨勢：家庭社經背景愈佳，就讀公立校院之機會愈大；相對富裕家庭子女可就讀學費較便宜且學校資源較豐富的公立大學，而相對弱勢家庭子女卻較常就讀學費教高的私立大學。教育失去原有促進社會階層流動之功能，實為應關注且翻轉之現象。本研究擬利用本校教務處與學務處之學生資料進行分析。我們發現多元入學管道中，繁星推薦與甄選入學並沒有不利於經濟弱勢學生，反而是指考新生中經濟弱勢比例逐年下降。同時原住民甄選入學的比例，自100學年度以來均為三個管道中最高。建議學校可以考慮增推甄與繁星管道的招生數量，促進社會階層流動，提供弱勢群體提升的機會。更進一步分析課業表現，相較於一般學生，經濟弱勢學生的學習成效與一般生接近。原住民以及身心障礙學生則有學習落後的現象，建議學校可以考慮增加輔導資源，以幫助學生。
106,4,張四明,僑生及國際生與跨國移動學習之南向招生策略分析,配合政府新南向政策大學應以「人才培育」、成為台籍企業後盾為中心，並依臺北大學優勢與各國經濟或產業需求，據以調整本校招生策略，擴大招收僑生及外籍學位生已納入臺北大學校務發展重點項目之一。<br><br>本研究旨在探討101學年度至105學年度臺北大學外籍生、僑生及陸生之入學狀況與學習滿意度，並瞭解本校學生赴外國際移動學習之意願與需求分析，以資作為研擬及調整臺北大學新南向招生策略與開拓新南向策略夥伴大學或合作姐妹校之重要參考。
106,5,李俊儀,學生選才、學習投入與學習表現之初探,本研究以臺北大學師資培育中心為例，進行選生選才、學習投入與學習表現關係之研究，師培中心學生選才主要有四種成績來源: 教育常識測驗、教育情境測驗、思考能力測驗與自傳報告成績，這些選才的依據跟學生的學習表現之間是否有關係，選才的成績是否也會影響學習投入，另外，學習投入與學生的學習表現是否也有關係，最後我們也想知道，學習投入是否為學生選才與學習表現的中介變項。本研究使用問卷調查法，針對已經修過師培課程一年以上之學生進行研究。研究結果發現，師培中心的選才確實能預測修課成績，預測力分別是思考能力>常識測驗>自傳報告>情境測驗，其中只有思考能力達到顯著，建議可以提高思考能力所佔選才的百分比。而師培中心學生的學習投入也確實能預測核心能力自評，預測力分別是行為>認知>情感，其中只有行為達到顯著，因此促進學生學習參與課程與活動的安排對於師培中心核心能力的培養有決定性的影響。
106,6,黃怡婷<br>鄭琪珍<br>賀慶軒<br>陳景皓<br>黃煜鈞<br>陳立晉<br>田弘岳<br>張喻,學習品保,
106,7,黃怡婷<br>梁丞智<br>陸薇安,教學教學評鑑,
106,8,陳婉琪,學生學習精進因素探討：學分多，學習多？,"影響學生成效的因素相當多，本計畫將聚焦於探討學生修課行為對學習成效的影響。修越多課，學習效果越好嗎？臺灣的大學課程安排比起國外是相對學期長、學分多，這樣的環境是否讓學生難以深度學習，學得多反而學不精？如果修太多課真的有負影響，對不同年級的學生都如此嗎？為了回答前述的疑惑，本文運用國立臺北大學2001至2014年（90~103學年度）的校務資料，共計1 6,419名學生，分析學生的修課學分數以及全系排名之間的關聯。從一般OLS迴歸分析的結果來看，我們發現修課學分數與全系排名之間的相關性，在不同年級的學生當中此相關性竟然大相徑庭：大一、二學生當中，修課學分數越多的人，成績越好，但對大三、四學生來說卻完全相反，修課學分數越多的人，成績越差。此結果應是由於個人特質的干擾——大一、二生，修課主動積極者同時修課多[經常是因為修輔系、雙學位]，表現也比較好；但大三、四生當中，學分數多往往是因為必須重修，而這群人的成績相對較差。為了排除個人特質的干擾，我們最後以固定效果模型(individual fixed-effect model)來分析資料。整體而言，學分數與系排名呈現負相關，但細分年級後負影響僅存在大三、四階段。換句話說，修課學分數的多寡對低年級大學生的成績並無顯著影響，但學生進入高年級後，若選擇修習學分數過多，會影響其學習表現，降低其學習效果。"
106,9,林茂廷,課程與學習效能的關連診斷,"一般對於學習成效的研究多以課業成績平均為學習效能衡量指標，然而這樣的指標受學生修課規劃影響劇烈，課業成績平均可能無法完全代表學生的學習成效。本研究利用課程內各科目的給分狀況，使用統計上的項目反應理論（Item Response Theory, IRT）, 剔除給分寬鬆度造成的課程難易差別來粹取學生成績單背後所隱含的學習效能指標。依據本校98至101學年入學的經濟系大學部學生為分析對象及其在經濟系專業科目的成績表現，進行學習成效指標粹取，做為其專業能力水準的衡量。結果發現，專業科目平均成績與專業能力的相關係數約有百分之85, 然而學生平均成績越低，其成績平均的專業能力代表性越低。因此在針對學習有困難的學生，單純使用成績為效能衡量指標可能會有偏頗。"
106,10,胡中宜,視覺障礙學生課業輔導方案對其學習策略與學習成就之介入成效,本研究針對本校資源教室申請課業輔導的視覺障礙學生，評估課業輔導對其學習策略與學習成就的影響。本研究採用李咏吟、張德榮、洪寶蓮等教授編制、中國行為科學社發行之《大學生學習與讀書策略量表》進行前測、後測與追蹤測。比較前、後與追蹤測之差異並綜合學生的學期成績、班級排名、科系等變項，進行分析與討論。研究發現學習與讀書策略較好的學生在學期成績上表現學習與讀書策略較弱者優秀。不過最初報名課業輔導時，學習動機的差異，以及施測的時間點，成為本次的研究限制，導致整體學生學習與讀書策略測驗的前、後測差異不明顯。
106,11,陳芬苓,運用UCAN結合畢流探討教學資源投入對學生學習力及就業力的影響-以公職路徑為例,鑒於本校愈來愈多學生經由考取公務人員國家考試，於各部門機關擔任職務，為社會與國家盡一份心力，而學校的教學領域、各科系的課程與學生在課內外的活動也愈來愈廣泛，本研究主要探討的問題在於了解教學需著重在哪些地方能夠使學生較有機會通過國家考試，並運用UCAN 平台之興趣探索調查結合學生考取國家考試與否的資料，進行校務研究之資料研究分析，可作為教學資源應用與調整的參考。<br><br>本研究以本校法律系、公共行政系與社會工作學系學生為樣本，透過職業興趣探索問卷、學生基本資料、修課成績及校內外的活動等資料，進行決策樹及多元邏輯斯回歸模型的分析，觀察上述哪些變項較為顯著(即值得注意的課程與特質)，並進一步分析各變項對公務人員的影響程度<br><br>由研究結果可得知，較能擔任公務人員的潛質有以下幾種：(1) 待人圓融；(2) 喜歡正確並有誠信的管理金錢；(3) 喜歡演奏樂器；(4) 喜歡在組織團體中做事；(5) 做事不喜歡講究方法；(6) 積極；(7) 樂觀；(8) 喜歡指導他人或為他人策劃活動；(9) 樂於參與進修或學習的活動。另外，學生入學的管道與是否考取公務人員具有高度相關性，學校也可加強大學部各科系重點專業課程的教學，並增強學生的外語能力(包含TOEIC、外國語文與語文兩項課程)。而若多鼓勵研究生實習與加強必修課的教學，也較能使學生走向律師一職。
